{
  "upstream": {
    "msgs": 568,
    "tools": 334,
    "wall_s": 10630,
    "tokens_total": 21217773,
    "tokens_output": 80054,
    "tokens_cache_read": 20826644,
    "tokens_cache_write": 310077,
    "score": "I",
    "cost_usd": 8.614585949999999
  },
  "ours_baseline": {
    "msgs": 638,
    "tools": 419,
    "wall_s": 2299,
    "tokens_total": 31030409,
    "tokens_output": 75894,
    "tokens_cache_read": 30697461,
    "tokens_cache_write": 256043,
    "score": 0,
    "cost_usd": 11.310842549999998
  }
}